psx_offset,duckstation_va,byte_length,type,description,tags,notes
9010,80009010,4,4 Bytes,PSX RNG (BIOS value),"rng,chocobo","the main PSX RNG value, used for chocobo racing"
4A630,8004A630,1,Byte,Field RNG Increment (Stone),"field,rng",
51568,80051568,4,4 Bytes,Global frame counter,rng,"increases by 1 every 60fps frame, used to seed chocorace rng"
62D4C,80062D4C,4,4 Bytes,"Battle: ""Joker"" value",battle,"+1 on every RNG16 call. When = 0 (mod 8), do not increment index."
62D78,80062D78,2,2 Bytes,Battle Controller Inputs,"battle,input",
62D7A,80062D7A,2,2 Bytes,Battle Controller Inputs Copy,"battle,input",
62D88,80062D88,2,2 Bytes,Battle Controller Inputs (Battle Frame),"battle,input","Is copied at 15fps, does not update while the game is paused"
62D8A,80062D8A,2,2 Bytes,Battle Controller Inputs (Battle Frame) (Copy),"battle,input",
62E10,80062E10,8,8 Bytes,Battle RNG,"battle,rng",8 1-byte indexes into the Battle RNG table
62E18,80062E18,1,Byte,Battle RNG Index,"battle,rng","Value from 0-7, specifies which value in ^ to use. Increments on RNG16 (see 62D4C)"
62F19,80062F19,1,Byte,Enemy Away / Lure Modifier,,
62F1A,80062F1A,1,Byte,Chocobo Lure Modifier,chocobo,2a0
62F1B,80062F1B,1,Byte,Preemptive Rate Modifier,"battle,equipment","Based on number of preemptive materia you have, 16 by default"
62F54,80062F54,4,2 Bytes,Battle: Active Enemy Formation ID,battle,"Usually the same as 707BC except this one changes when a mid-battle battle change happens (Hundred/Heli gunner, Hojo, Battle Square)"
707BC,800707BC,2,2 Bytes,Battle: Starting Enemy Formation ID,battle,Freeze this value to set the next battle
716D0,800716D0,1,Byte,Preemptive Step ID Flag,"battle,field","4 = Preemptive, lock it to 4 and you only get preempts when possible"
7173C,8007173C,2,2 Bytes,Field Danger,field,
71A54,80071A54,4,4 Bytes,Field Encounter Rate Pointer,field,
71A5C,80071A5C,2,2 Bytes,?,"field,party","was 0x74 outside barret, is set to 0 when you get a field encounter"
71C20,80071C20,1,Byte,Field Formation Accumulator,"battle,field","often called ""formation"", determines the next battle formation in field encounters"
74EB0,80074EB0,4,4 Bytes,Field X Position,field,
74EB4,80074EB4,4,4 Bytes,Field Y Position,field,
74EB8,80074EB8,4,4 Bytes,Field Z Position,field,
74F14,80074F14,2,2 Bytes,Field Danger Divisor,field,"In fields, 32/16 when Run is held, 8/4 otherwise, determined also by 9AC04"
75E24,80075E24,256,Array of byte,Var[5],,Var[6] appears to be the same memory region. Is usually where temporary values in scripts are stored
7E774,8007E774,2,2 Bytes,Last Battle Formation,battle,
7EBC8,8007EBC8,1,Byte,Entering Random Encounter,"field,rng",Duplicating boss glitch happens when this is set to 1
95DC8,80095DC8,1,Byte,Field RNG (List),"field,rng",
965E0,800965E0,2,2 Bytes,?,field,these have something to do with field encounters
965E8,800965E8,2,2 Bytes,?,,
9A05C,8009A05C,2,2 Bytes,Current Field / Last Entered World Map Area,"field,world",
9AC04,8009AC04,2,2 Bytes,Field Danger Divisor Multiplier,field,"depends on field, results in DIPS increasing sometimes"
9AC26,8009AC26,1,Byte,Movement Paralysis,field,"0 = enabled, 1 = paralyzed"
9AC2F,8009AC2F,1,Byte,?,field,disables encounters?
9AC30,8009AC30,1,Byte,Current Encounter Table,field,"0 for table 1, 1 for table 2"
9AC60,8009AC60,2,2 Bytes,(Field) Controller Inputs,"field,input",
9AC70,8009AC70,2,2 Bytes,(Field) Controller Inputs Copy,"field,input",
9AD2C,8009AD2C,1,Byte,Step Offset,,goes up by 13 every time stepid overflows
9C540,8009C540,1,Byte,Step ID,field,
9C560,8009C560,1,Byte,Current Module,,
9C6D8,8009C6D8,1,Byte,Step Fraction,,
9C6E4,8009C6E4,4,4 Bytes,Beginning of Save Context,menu,not really anything here (i think) but having this is useful
9C738,8009C738,1,Byte,Cloud's Character ID,party,
9C739,8009C739,1,Byte,Cloud's Level,party,
9C73A,8009C73A,1,Byte,Cloud's Strength,party,
9C73B,8009C73B,1,Byte,Cloud's Vitality,party,
9C73C,8009C73C,1,Byte,Cloud's Magic,party,
9C73D,8009C73D,1,Byte,Cloud's Spirit,party,
9C73E,8009C73E,1,Byte,Cloud's Dexterity,party,
9C73F,8009C73F,1,Byte,Cloud's Luck,party,
9C740,8009C740,1,Byte,Cloud's Strength Bonus,party,
9C741,8009C741,1,Byte,Cloud's Vitality Bonus,party,
9C742,8009C742,1,Byte,Cloud's Magic Bonus,party,
9C743,8009C743,1,Byte,Cloud's Spirit Bonus,party,
9C744,8009C744,1,Byte,Cloud's Dexterity Bonus,party,
9C745,8009C745,1,Byte,Cloud's Luck Bonus,party,
9C746,8009C746,1,Byte,Cloud's Current Limit Level (1-4),party,
9C747,8009C747,1,Byte,Cloud's Current Limit Bar,"battle,party",
9C748,8009C748,12,Array of byte,Cloud's Character Name,party,
9C754,8009C754,1,Byte,Cloud's Equipped Weapon,"equipment,party",
9C755,8009C755,1,Byte,Cloud's Equipped Armor,"equipment,party",
9C756,8009C756,1,Byte,Cloud's Equipped Accessory,"equipment,party",
9C757,8009C757,1,Byte,"Cloud's Status Flags (Sadness, Fury)","party,status",
9C758,8009C758,1,Byte,Cloud's Row,party,
9C759,8009C759,1,Byte,Cloud's Level Progress Bar (0-63),party,
9C75A,8009C75A,2,2 Bytes,Cloud's Learned Limits,party,
9C75C,8009C75C,2,2 Bytes,Cloud's Kill Count,party,
9C75E,8009C75E,2,2 Bytes,Cloud's Braver Usages,party,
9C760,8009C760,2,2 Bytes,Cloud's Blade Beam Usages,party,
9C762,8009C762,2,2 Bytes,Cloud's Meteorain Usages,party,
9C764,8009C764,2,2 Bytes,Cloud's Current HP,party,
9C766,8009C766,2,2 Bytes,Cloud's Base HP,party,
9C768,8009C768,2,2 Bytes,Cloud's Current MP,party,
9C76A,8009C76A,2,2 Bytes,Cloud's Base MP,party,
9C76C,8009C76C,4,4 Bytes,Cloud Unknown,party,
9C770,8009C770,2,2 Bytes,Cloud's Maximum HP,party,
9C772,8009C772,2,2 Bytes,Cloud's Maximum MP,party,
9C774,8009C774,4,4 Bytes,Cloud's Current EXP,"party,rewards",
9C778,8009C778,4,4 Bytes,Cloud's Weapon Materia Slot 1,"equipment,party",
9C77C,8009C77C,4,4 Bytes,Cloud's Weapon Materia Slot 2,"equipment,party",
9C780,8009C780,4,4 Bytes,Cloud's Weapon Materia Slot 3,"equipment,party",
9C784,8009C784,4,4 Bytes,Cloud's Weapon Materia Slot 4,"equipment,party",
9C788,8009C788,4,4 Bytes,Cloud's Weapon Materia Slot 5,"equipment,party",
9C78C,8009C78C,4,4 Bytes,Cloud's Weapon Materia Slot 6,"equipment,party",
9C790,8009C790,4,4 Bytes,Cloud's Weapon Materia Slot 7,"equipment,party",
9C794,8009C794,4,4 Bytes,Cloud's Weapon Materia Slot 8,"equipment,party",
9C798,8009C798,4,4 Bytes,Cloud's Armor Materia Slot 1,"equipment,party",
9C79C,8009C79C,4,4 Bytes,Cloud's Armor Materia Slot 2,"equipment,party",
9C7A0,8009C7A0,4,4 Bytes,Cloud's Armor Materia Slot 3,"equipment,party",
9C7A4,8009C7A4,4,4 Bytes,Cloud's Armor Materia Slot 4,"equipment,party",
9C7A8,8009C7A8,4,4 Bytes,Cloud's Armor Materia Slot 5,"equipment,party",
9C7AC,8009C7AC,4,4 Bytes,Cloud's Armor Materia Slot 6,"equipment,party",
9C7B0,8009C7B0,4,4 Bytes,Cloud's Armor Materia Slot 7,"equipment,party",
9C7B4,8009C7B4,4,4 Bytes,Cloud's Armor Materia Slot 8,"equipment,party",
9C7B8,8009C7B8,4,4 Bytes,Cloud's EXP to Next Level,"party,rewards",
9C7BC,8009C7BC,1,Byte,Barret's Character ID,party,
9C7BD,8009C7BD,1,Byte,Barret's Level,party,
9C7BE,8009C7BE,1,Byte,Barret's Strength,party,
9C7BF,8009C7BF,1,Byte,Barret's Vitality,party,
9C7C0,8009C7C0,1,Byte,Barret's Magic,party,
9C7C1,8009C7C1,1,Byte,Barret's Spirit,party,
9C7C2,8009C7C2,1,Byte,Barret's Dexterity,party,
9C7C3,8009C7C3,1,Byte,Barret's Luck,party,
9C7C4,8009C7C4,1,Byte,Barret's Strength Bonus,party,
9C7C5,8009C7C5,1,Byte,Barret's Vitality Bonus,party,
9C7C6,8009C7C6,1,Byte,Barret's Magic Bonus,party,
9C7C7,8009C7C7,1,Byte,Barret's Spirit Bonus,party,
9C7C8,8009C7C8,1,Byte,Barret's Dexterity Bonus,party,
9C7C9,8009C7C9,1,Byte,Barret's Luck Bonus,party,
9C7CA,8009C7CA,1,Byte,Barret's Current Limit Level (1-4),party,
9C7CB,8009C7CB,1,Byte,Barret's Current Limit Bar,"battle,party",
9C7CC,8009C7CC,12,Array of byte,Barret's Character Name,party,
9C7D8,8009C7D8,1,Byte,Barret's Equipped Weapon,"equipment,party",
9C7D9,8009C7D9,1,Byte,Barret's Equipped Armor,"equipment,party",
9C7DA,8009C7DA,1,Byte,Barret's Equipped Accessory,"equipment,party",
9C7DB,8009C7DB,1,Byte,"Barret's Status Flags (Sadness, Fury)","party,status",
9C7DC,8009C7DC,1,Byte,Barret's Row,party,
9C7DD,8009C7DD,1,Byte,Barret's Level Progress Bar (0-63),party,
9C7DE,8009C7DE,2,2 Bytes,Barret's Learned Limits,party,
9C7E0,8009C7E0,2,2 Bytes,Barret's Kill Count,party,
9C7E2,8009C7E2,2,2 Bytes,Barret's Big Shot Usages,party,
9C7E4,8009C7E4,2,2 Bytes,Barret's Grenade Bomb Usages,party,
9C7E6,8009C7E6,2,2 Bytes,Barret's Satellite Beam Usages,party,
9C7E8,8009C7E8,2,2 Bytes,Barret's Current HP,party,
9C7EA,8009C7EA,2,2 Bytes,Barret's Base HP,party,
9C7EC,8009C7EC,2,2 Bytes,Barret's Current MP,party,
9C7EE,8009C7EE,2,2 Bytes,Barret's Base MP,party,
9C7F0,8009C7F0,4,4 Bytes,Barret Unknown,party,
9C7F4,8009C7F4,2,2 Bytes,Barret's Maximum HP,party,
9C7F6,8009C7F6,2,2 Bytes,Barret's Maximum MP,party,
9C7F8,8009C7F8,4,4 Bytes,Barret's Current EXP,"party,rewards",
9C7FC,8009C7FC,4,4 Bytes,Barret's Weapon Materia Slot 1,"equipment,party",
9C800,8009C800,4,4 Bytes,Barret's Weapon Materia Slot 2,"equipment,party",
9C804,8009C804,4,4 Bytes,Barret's Weapon Materia Slot 3,"equipment,party",
9C808,8009C808,4,4 Bytes,Barret's Weapon Materia Slot 4,"equipment,party",
9C80C,8009C80C,4,4 Bytes,Barret's Weapon Materia Slot 5,"equipment,party",
9C810,8009C810,4,4 Bytes,Barret's Weapon Materia Slot 6,"equipment,party",
9C814,8009C814,4,4 Bytes,Barret's Weapon Materia Slot 7,"equipment,party",
9C818,8009C818,4,4 Bytes,Barret's Weapon Materia Slot 8,"equipment,party",
9C81C,8009C81C,4,4 Bytes,Barret's Armor Materia Slot 1,"equipment,party",
9C820,8009C820,4,4 Bytes,Barret's Armor Materia Slot 2,"equipment,party",
9C824,8009C824,4,4 Bytes,Barret's Armor Materia Slot 3,"equipment,party",
9C828,8009C828,4,4 Bytes,Barret's Armor Materia Slot 4,"equipment,party",
9C82C,8009C82C,4,4 Bytes,Barret's Armor Materia Slot 5,"equipment,party",
9C830,8009C830,4,4 Bytes,Barret's Armor Materia Slot 6,"equipment,party",
9C834,8009C834,4,4 Bytes,Barret's Armor Materia Slot 7,"equipment,party",
9C838,8009C838,4,4 Bytes,Barret's Armor Materia Slot 8,"equipment,party",
9C83C,8009C83C,4,4 Bytes,Barret's EXP to Next Level,"party,rewards",
9C840,8009C840,1,Byte,Tifa's Character ID,party,
9C841,8009C841,1,Byte,Tifa's Level,party,
9C842,8009C842,1,Byte,Tifa's Strength,party,
9C843,8009C843,1,Byte,Tifa's Vitality,party,
9C844,8009C844,1,Byte,Tifa's Magic,party,
9C845,8009C845,1,Byte,Tifa's Spirit,party,
9C846,8009C846,1,Byte,Tifa's Dexterity,party,
9C847,8009C847,1,Byte,Tifa's Luck,party,
9C848,8009C848,1,Byte,Tifa's Strength Bonus,party,
9C849,8009C849,1,Byte,Tifa's Vitality Bonus,party,
9C84A,8009C84A,1,Byte,Tifa's Magic Bonus,party,
9C84B,8009C84B,1,Byte,Tifa's Spirit Bonus,party,
9C84C,8009C84C,1,Byte,Tifa's Dexterity Bonus,party,
9C84D,8009C84D,1,Byte,Tifa's Luck Bonus,party,
9C84E,8009C84E,1,Byte,Tifa's Current Limit Level (1-4),party,
9C84F,8009C84F,1,Byte,Tifa's Current Limit Bar,"battle,party",
9C850,8009C850,12,Array of byte,Tifa's Character Name,party,
9C85C,8009C85C,1,Byte,Tifa's Equipped Weapon,"equipment,party",
9C85D,8009C85D,1,Byte,Tifa's Equipped Armor,"equipment,party",
9C85E,8009C85E,1,Byte,Tifa's Equipped Accessory,"equipment,party",
9C85F,8009C85F,1,Byte,"Tifa's Status Flags (Sadness, Fury)","party,status",
9C860,8009C860,1,Byte,Tifa's Row,party,
9C861,8009C861,1,Byte,Tifa's Level Progress Bar (0-63),party,
9C862,8009C862,2,2 Bytes,Tifa's Learned Limits,party,
9C864,8009C864,2,2 Bytes,Tifa's Kill Count,party,
9C866,8009C866,2,2 Bytes,Tifa's Beat Rush Usages,party,
9C868,8009C868,2,2 Bytes,Tifa's Waterkick Usages,party,
9C86A,8009C86A,2,2 Bytes,Tifa's Dolphin Blow Usages,party,
9C86C,8009C86C,2,2 Bytes,Tifa's Current HP,party,
9C86E,8009C86E,2,2 Bytes,Tifa's Base HP,party,
9C870,8009C870,2,2 Bytes,Tifa's Current MP,party,
9C872,8009C872,2,2 Bytes,Tifa's Base MP,party,
9C874,8009C874,4,4 Bytes,Tifa Unknown,party,
9C878,8009C878,2,2 Bytes,Tifa's Maximum HP,party,
9C87A,8009C87A,2,2 Bytes,Tifa's Maximum MP,party,
9C87C,8009C87C,4,4 Bytes,Tifa's Current EXP,"party,rewards",
9C880,8009C880,4,4 Bytes,Tifa's Weapon Materia Slot 1,"equipment,party",
9C884,8009C884,4,4 Bytes,Tifa's Weapon Materia Slot 2,"equipment,party",
9C888,8009C888,4,4 Bytes,Tifa's Weapon Materia Slot 3,"equipment,party",
9C88C,8009C88C,4,4 Bytes,Tifa's Weapon Materia Slot 4,"equipment,party",
9C890,8009C890,4,4 Bytes,Tifa's Weapon Materia Slot 5,"equipment,party",
9C894,8009C894,4,4 Bytes,Tifa's Weapon Materia Slot 6,"equipment,party",
9C898,8009C898,4,4 Bytes,Tifa's Weapon Materia Slot 7,"equipment,party",
9C89C,8009C89C,4,4 Bytes,Tifa's Weapon Materia Slot 8,"equipment,party",
9C8A0,8009C8A0,4,4 Bytes,Tifa's Armor Materia Slot 1,"equipment,party",
9C8A4,8009C8A4,4,4 Bytes,Tifa's Armor Materia Slot 2,"equipment,party",
9C8A8,8009C8A8,4,4 Bytes,Tifa's Armor Materia Slot 3,"equipment,party",
9C8AC,8009C8AC,4,4 Bytes,Tifa's Armor Materia Slot 4,"equipment,party",
9C8B0,8009C8B0,4,4 Bytes,Tifa's Armor Materia Slot 5,"equipment,party",
9C8B4,8009C8B4,4,4 Bytes,Tifa's Armor Materia Slot 6,"equipment,party",
9C8B8,8009C8B8,4,4 Bytes,Tifa's Armor Materia Slot 7,"equipment,party",
9C8BC,8009C8BC,4,4 Bytes,Tifa's Armor Materia Slot 8,"equipment,party",
9C8C0,8009C8C0,4,4 Bytes,Tifa's EXP to Next Level,"party,rewards",
9C8C4,8009C8C4,1,Byte,Aeris's Character ID,party,
9C8C5,8009C8C5,1,Byte,Aeris's Level,party,
9C8C6,8009C8C6,1,Byte,Aeris's Strength,party,
9C8C7,8009C8C7,1,Byte,Aeris's Vitality,party,
9C8C8,8009C8C8,1,Byte,Aeris's Magic,party,
9C8C9,8009C8C9,1,Byte,Aeris's Spirit,party,
9C8CA,8009C8CA,1,Byte,Aeris's Dexterity,party,
9C8CB,8009C8CB,1,Byte,Aeris's Luck,party,
9C8CC,8009C8CC,1,Byte,Aeris's Strength Bonus,party,
9C8CD,8009C8CD,1,Byte,Aeris's Vitality Bonus,party,
9C8CE,8009C8CE,1,Byte,Aeris's Magic Bonus,party,
9C8CF,8009C8CF,1,Byte,Aeris's Spirit Bonus,party,
9C8D0,8009C8D0,1,Byte,Aeris's Dexterity Bonus,party,
9C8D1,8009C8D1,1,Byte,Aeris's Luck Bonus,party,
9C8D2,8009C8D2,1,Byte,Aeris's Current Limit Level (1-4),party,
9C8D3,8009C8D3,1,Byte,Aeris's Current Limit Bar,"battle,party",
9C8D4,8009C8D4,12,Array of byte,Aeris's Character Name,party,
9C8E0,8009C8E0,1,Byte,Aeris's Equipped Weapon,"equipment,party",
9C8E1,8009C8E1,1,Byte,Aeris's Equipped Armor,"equipment,party",
9C8E2,8009C8E2,1,Byte,Aeris's Equipped Accessory,"equipment,party",
9C8E3,8009C8E3,1,Byte,"Aeris's Status Flags (Sadness, Fury)","party,status",
9C8E4,8009C8E4,1,Byte,Aeris's Row,party,
9C8E5,8009C8E5,1,Byte,Aeris's Level Progress Bar (0-63),party,
9C8E6,8009C8E6,2,2 Bytes,Aeris's Learned Limits,party,
9C8E8,8009C8E8,2,2 Bytes,Aeris's Kill Count,party,
9C8EA,8009C8EA,2,2 Bytes,Aeris's Healing Wind Usages,party,
9C8EC,8009C8EC,2,2 Bytes,Aeris's Breath of Earth Usages,party,
9C8EE,8009C8EE,2,2 Bytes,Aeris's Planet Protector Usages,party,
9C8F0,8009C8F0,2,2 Bytes,Aeris's Current HP,party,
9C8F2,8009C8F2,2,2 Bytes,Aeris's Base HP,party,
9C8F4,8009C8F4,2,2 Bytes,Aeris's Current MP,party,
9C8F6,8009C8F6,2,2 Bytes,Aeris's Base MP,party,
9C8F8,8009C8F8,4,4 Bytes,Aeris Unknown,party,
9C8FC,8009C8FC,2,2 Bytes,Aeris's Maximum HP,party,
9C8FE,8009C8FE,2,2 Bytes,Aeris's Maximum MP,party,
9C900,8009C900,4,4 Bytes,Aeris's Current EXP,"party,rewards",
9C904,8009C904,4,4 Bytes,Aeris's Weapon Materia Slot 1,"equipment,party",
9C908,8009C908,4,4 Bytes,Aeris's Weapon Materia Slot 2,"equipment,party",
9C90C,8009C90C,4,4 Bytes,Aeris's Weapon Materia Slot 3,"equipment,party",
9C910,8009C910,4,4 Bytes,Aeris's Weapon Materia Slot 4,"equipment,party",
9C914,8009C914,4,4 Bytes,Aeris's Weapon Materia Slot 5,"equipment,party",
9C918,8009C918,4,4 Bytes,Aeris's Weapon Materia Slot 6,"equipment,party",
9C91C,8009C91C,4,4 Bytes,Aeris's Weapon Materia Slot 7,"equipment,party",
9C920,8009C920,4,4 Bytes,Aeris's Weapon Materia Slot 8,"equipment,party",
9C924,8009C924,4,4 Bytes,Aeris's Armor Materia Slot 1,"equipment,party",
9C928,8009C928,4,4 Bytes,Aeris's Armor Materia Slot 2,"equipment,party",
9C92C,8009C92C,4,4 Bytes,Aeris's Armor Materia Slot 3,"equipment,party",
9C930,8009C930,4,4 Bytes,Aeris's Armor Materia Slot 4,"equipment,party",
9C934,8009C934,4,4 Bytes,Aeris's Armor Materia Slot 5,"equipment,party",
9C938,8009C938,4,4 Bytes,Aeris's Armor Materia Slot 6,"equipment,party",
9C93C,8009C93C,4,4 Bytes,Aeris's Armor Materia Slot 7,"equipment,party",
9C940,8009C940,4,4 Bytes,Aeris's Armor Materia Slot 8,"equipment,party",
9C944,8009C944,4,4 Bytes,Aeris's EXP to Next Level,"party,rewards",
9C948,8009C948,1,Byte,Red XIII's Character ID,party,
9C949,8009C949,1,Byte,Red XIII's Level,party,
9C94A,8009C94A,1,Byte,Red XIII's Strength,party,
9C94B,8009C94B,1,Byte,Red XIII's Vitality,party,
9C94C,8009C94C,1,Byte,Red XIII's Magic,party,
9C94D,8009C94D,1,Byte,Red XIII's Spirit,party,
9C94E,8009C94E,1,Byte,Red XIII's Dexterity,party,
9C94F,8009C94F,1,Byte,Red XIII's Luck,party,
9C950,8009C950,1,Byte,Red XIII's Strength Bonus,party,
9C951,8009C951,1,Byte,Red XIII's Vitality Bonus,party,
9C952,8009C952,1,Byte,Red XIII's Magic Bonus,party,
9C953,8009C953,1,Byte,Red XIII's Spirit Bonus,party,
9C954,8009C954,1,Byte,Red XIII's Dexterity Bonus,party,
9C955,8009C955,1,Byte,Red XIII's Luck Bonus,party,
9C956,8009C956,1,Byte,Red XIII's Current Limit Level (1-4),party,
9C957,8009C957,1,Byte,Red XIII's Current Limit Bar,"battle,party",
9C958,8009C958,12,Array of byte,Red XIII's Character Name,party,
9C964,8009C964,1,Byte,Red XIII's Equipped Weapon,"equipment,party",
9C965,8009C965,1,Byte,Red XIII's Equipped Armor,"equipment,party",
9C966,8009C966,1,Byte,Red XIII's Equipped Accessory,"equipment,party",
9C967,8009C967,1,Byte,"Red XIII's Status Flags (Sadness, Fury)","party,status",
9C968,8009C968,1,Byte,Red XIII's Row,party,
9C969,8009C969,1,Byte,Red XIII's Level Progress Bar (0-63),party,
9C96A,8009C96A,2,2 Bytes,Red XIII's Learned Limits,party,
9C96C,8009C96C,2,2 Bytes,Red XIII's Kill Count,party,
9C96E,8009C96E,2,2 Bytes,Red XIII's Sled Fang Usages,party,
9C970,8009C970,2,2 Bytes,Red XIII's Blood Fang Usages,party,
9C972,8009C972,2,2 Bytes,Red XIII's Howling Moon Usages,party,
9C974,8009C974,2,2 Bytes,Red XIII's Current HP,party,
9C976,8009C976,2,2 Bytes,Red XIII's Base HP,party,
9C978,8009C978,2,2 Bytes,Red XIII's Current MP,party,
9C97A,8009C97A,2,2 Bytes,Red XIII's Base MP,party,
9C97C,8009C97C,4,4 Bytes,Red XIII Unknown,party,
9C980,8009C980,2,2 Bytes,Red XIII's Maximum HP,party,
9C982,8009C982,2,2 Bytes,Red XIII's Maximum MP,party,
9C984,8009C984,4,4 Bytes,Red XIII's Current EXP,"party,rewards",
9C988,8009C988,4,4 Bytes,Red XIII's Weapon Materia Slot 1,"equipment,party",
9C98C,8009C98C,4,4 Bytes,Red XIII's Weapon Materia Slot 2,"equipment,party",
9C990,8009C990,4,4 Bytes,Red XIII's Weapon Materia Slot 3,"equipment,party",
9C994,8009C994,4,4 Bytes,Red XIII's Weapon Materia Slot 4,"equipment,party",
9C998,8009C998,4,4 Bytes,Red XIII's Weapon Materia Slot 5,"equipment,party",
9C99C,8009C99C,4,4 Bytes,Red XIII's Weapon Materia Slot 6,"equipment,party",
9C9A0,8009C9A0,4,4 Bytes,Red XIII's Weapon Materia Slot 7,"equipment,party",
9C9A4,8009C9A4,4,4 Bytes,Red XIII's Weapon Materia Slot 8,"equipment,party",
9C9A8,8009C9A8,4,4 Bytes,Red XIII's Armor Materia Slot 1,"equipment,party",
9C9AC,8009C9AC,4,4 Bytes,Red XIII's Armor Materia Slot 2,"equipment,party",
9C9B0,8009C9B0,4,4 Bytes,Red XIII's Armor Materia Slot 3,"equipment,party",
9C9B4,8009C9B4,4,4 Bytes,Red XIII's Armor Materia Slot 4,"equipment,party",
9C9B8,8009C9B8,4,4 Bytes,Red XIII's Armor Materia Slot 5,"equipment,party",
9C9BC,8009C9BC,4,4 Bytes,Red XIII's Armor Materia Slot 6,"equipment,party",
9C9C0,8009C9C0,4,4 Bytes,Red XIII's Armor Materia Slot 7,"equipment,party",
9C9C4,8009C9C4,4,4 Bytes,Red XIII's Armor Materia Slot 8,"equipment,party",
9C9C8,8009C9C8,4,4 Bytes,Red XIII's EXP to Next Level,"party,rewards",
9C9CC,8009C9CC,1,Byte,Yuffie's Character ID,party,
9C9CD,8009C9CD,1,Byte,Yuffie's Level,party,
9C9CE,8009C9CE,1,Byte,Yuffie's Strength,party,
9C9CF,8009C9CF,1,Byte,Yuffie's Vitality,party,
9C9D0,8009C9D0,1,Byte,Yuffie's Magic,party,
9C9D1,8009C9D1,1,Byte,Yuffie's Spirit,party,
9C9D2,8009C9D2,1,Byte,Yuffie's Dexterity,party,
9C9D3,8009C9D3,1,Byte,Yuffie's Luck,party,
9C9D4,8009C9D4,1,Byte,Yuffie's Strength Bonus,party,
9C9D5,8009C9D5,1,Byte,Yuffie's Vitality Bonus,party,
9C9D6,8009C9D6,1,Byte,Yuffie's Magic Bonus,party,
9C9D7,8009C9D7,1,Byte,Yuffie's Spirit Bonus,party,
9C9D8,8009C9D8,1,Byte,Yuffie's Dexterity Bonus,party,
9C9D9,8009C9D9,1,Byte,Yuffie's Luck Bonus,party,
9C9DA,8009C9DA,1,Byte,Yuffie's Current Limit Level (1-4),party,
9C9DB,8009C9DB,1,Byte,Yuffie's Current Limit Bar,"battle,party",
9C9DC,8009C9DC,12,Array of byte,Yuffie's Character Name,party,
9C9E8,8009C9E8,1,Byte,Yuffie's Equipped Weapon,"equipment,party",
9C9E9,8009C9E9,1,Byte,Yuffie's Equipped Armor,"equipment,party",
9C9EA,8009C9EA,1,Byte,Yuffie's Equipped Accessory,"equipment,party",
9C9EB,8009C9EB,1,Byte,"Yuffie's Status Flags (Sadness, Fury)","party,status",
9C9EC,8009C9EC,1,Byte,Yuffie's Row,party,
9C9ED,8009C9ED,1,Byte,Yuffie's Level Progress Bar (0-63),party,
9C9EE,8009C9EE,2,2 Bytes,Yuffie's Learned Limits,party,
9C9F0,8009C9F0,2,2 Bytes,Yuffie's Kill Count,party,
9C9F2,8009C9F2,2,2 Bytes,Yuffie's Greased Lightning Usages,party,
9C9F4,8009C9F4,2,2 Bytes,Yuffie's Landscaper Usages,party,
9C9F6,8009C9F6,2,2 Bytes,Yuffie's Gauntlet Usages,party,
9C9F8,8009C9F8,2,2 Bytes,Yuffie's Current HP,party,
9C9FA,8009C9FA,2,2 Bytes,Yuffie's Base HP,party,
9C9FC,8009C9FC,2,2 Bytes,Yuffie's Current MP,party,
9C9FE,8009C9FE,2,2 Bytes,Yuffie's Base MP,party,
9CA00,8009CA00,4,4 Bytes,Yuffie Unknown,party,
9CA04,8009CA04,2,2 Bytes,Yuffie's Maximum HP,party,
9CA06,8009CA06,2,2 Bytes,Yuffie's Maximum MP,party,
9CA08,8009CA08,4,4 Bytes,Yuffie's Current EXP,"party,rewards",
9CA0C,8009CA0C,4,4 Bytes,Yuffie's Weapon Materia Slot 1,"equipment,party",
9CA10,8009CA10,4,4 Bytes,Yuffie's Weapon Materia Slot 2,"equipment,party",
9CA14,8009CA14,4,4 Bytes,Yuffie's Weapon Materia Slot 3,"equipment,party",
9CA18,8009CA18,4,4 Bytes,Yuffie's Weapon Materia Slot 4,"equipment,party",
9CA1C,8009CA1C,4,4 Bytes,Yuffie's Weapon Materia Slot 5,"equipment,party",
9CA20,8009CA20,4,4 Bytes,Yuffie's Weapon Materia Slot 6,"equipment,party",
9CA24,8009CA24,4,4 Bytes,Yuffie's Weapon Materia Slot 7,"equipment,party",
9CA28,8009CA28,4,4 Bytes,Yuffie's Weapon Materia Slot 8,"equipment,party",
9CA2C,8009CA2C,4,4 Bytes,Yuffie's Armor Materia Slot 1,"equipment,party",
9CA30,8009CA30,4,4 Bytes,Yuffie's Armor Materia Slot 2,"equipment,party",
9CA34,8009CA34,4,4 Bytes,Yuffie's Armor Materia Slot 3,"equipment,party",
9CA38,8009CA38,4,4 Bytes,Yuffie's Armor Materia Slot 4,"equipment,party",
9CA3C,8009CA3C,4,4 Bytes,Yuffie's Armor Materia Slot 5,"equipment,party",
9CA40,8009CA40,4,4 Bytes,Yuffie's Armor Materia Slot 6,"equipment,party",
9CA44,8009CA44,4,4 Bytes,Yuffie's Armor Materia Slot 7,"equipment,party",
9CA48,8009CA48,4,4 Bytes,Yuffie's Armor Materia Slot 8,"equipment,party",
9CA4C,8009CA4C,4,4 Bytes,Yuffie's EXP to Next Level,"party,rewards",
9CA50,8009CA50,1,Byte,CaitSith's Character ID,party,
9CA51,8009CA51,1,Byte,CaitSith's Level,party,
9CA52,8009CA52,1,Byte,CaitSith's Strength,party,
9CA53,8009CA53,1,Byte,CaitSith's Vitality,party,
9CA54,8009CA54,1,Byte,CaitSith's Magic,party,
9CA55,8009CA55,1,Byte,CaitSith's Spirit,party,
9CA56,8009CA56,1,Byte,CaitSith's Dexterity,party,
9CA57,8009CA57,1,Byte,CaitSith's Luck,party,
9CA58,8009CA58,1,Byte,CaitSith's Strength Bonus,party,
9CA59,8009CA59,1,Byte,CaitSith's Vitality Bonus,party,
9CA5A,8009CA5A,1,Byte,CaitSith's Magic Bonus,party,
9CA5B,8009CA5B,1,Byte,CaitSith's Spirit Bonus,party,
9CA5C,8009CA5C,1,Byte,CaitSith's Dexterity Bonus,party,
9CA5D,8009CA5D,1,Byte,CaitSith's Luck Bonus,party,
9CA5E,8009CA5E,1,Byte,CaitSith's Current Limit Level (1-4),party,
9CA5F,8009CA5F,1,Byte,CaitSith's Current Limit Bar,"battle,party",
9CA60,8009CA60,12,Array of byte,CaitSith's Character Name,party,
9CA6C,8009CA6C,1,Byte,CaitSith's Equipped Weapon,"equipment,party",
9CA6D,8009CA6D,1,Byte,CaitSith's Equipped Armor,"equipment,party",
9CA6E,8009CA6E,1,Byte,CaitSith's Equipped Accessory,"equipment,party",
9CA6F,8009CA6F,1,Byte,"CaitSith's Status Flags (Sadness, Fury)","party,status",
9CA70,8009CA70,1,Byte,CaitSith's Row,party,
9CA71,8009CA71,1,Byte,CaitSith's Level Progress Bar (0-63),party,
9CA72,8009CA72,2,2 Bytes,CaitSith's Learned Limits,party,
9CA74,8009CA74,2,2 Bytes,CaitSith's Kill Count,party,
9CA76,8009CA76,2,2 Bytes,CaitSith's Dice Usages,party,
9CA78,8009CA78,2,2 Bytes,CaitSith's Slots Usages,party,
9CA7A,8009CA7A,2,2 Bytes,CaitSith's 3-1 Limit Usages,party,
9CA7C,8009CA7C,2,2 Bytes,CaitSith's Current HP,party,
9CA7E,8009CA7E,2,2 Bytes,CaitSith's Base HP,party,
9CA80,8009CA80,2,2 Bytes,CaitSith's Current MP,party,
9CA82,8009CA82,2,2 Bytes,CaitSith's Base MP,party,
9CA84,8009CA84,4,4 Bytes,CaitSith Unknown,party,
9CA88,8009CA88,2,2 Bytes,CaitSith's Maximum HP,party,
9CA8A,8009CA8A,2,2 Bytes,CaitSith's Maximum MP,party,
9CA8C,8009CA8C,4,4 Bytes,CaitSith's Current EXP,"party,rewards",
9CA90,8009CA90,4,4 Bytes,CaitSith's Weapon Materia Slot 1,"equipment,party",
9CA94,8009CA94,4,4 Bytes,CaitSith's Weapon Materia Slot 2,"equipment,party",
9CA98,8009CA98,4,4 Bytes,CaitSith's Weapon Materia Slot 3,"equipment,party",
9CA9C,8009CA9C,4,4 Bytes,CaitSith's Weapon Materia Slot 4,"equipment,party",
9CAA0,8009CAA0,4,4 Bytes,CaitSith's Weapon Materia Slot 5,"equipment,party",
9CAA4,8009CAA4,4,4 Bytes,CaitSith's Weapon Materia Slot 6,"equipment,party",
9CAA8,8009CAA8,4,4 Bytes,CaitSith's Weapon Materia Slot 7,"equipment,party",
9CAAC,8009CAAC,4,4 Bytes,CaitSith's Weapon Materia Slot 8,"equipment,party",
9CAB0,8009CAB0,4,4 Bytes,CaitSith's Armor Materia Slot 1,"equipment,party",
9CAB4,8009CAB4,4,4 Bytes,CaitSith's Armor Materia Slot 2,"equipment,party",
9CAB8,8009CAB8,4,4 Bytes,CaitSith's Armor Materia Slot 3,"equipment,party",
9CABC,8009CABC,4,4 Bytes,CaitSith's Armor Materia Slot 4,"equipment,party",
9CAC0,8009CAC0,4,4 Bytes,CaitSith's Armor Materia Slot 5,"equipment,party",
9CAC4,8009CAC4,4,4 Bytes,CaitSith's Armor Materia Slot 6,"equipment,party",
9CAC8,8009CAC8,4,4 Bytes,CaitSith's Armor Materia Slot 7,"equipment,party",
9CACC,8009CACC,4,4 Bytes,CaitSith's Armor Materia Slot 8,"equipment,party",
9CAD0,8009CAD0,4,4 Bytes,CaitSith's EXP to Next Level,"party,rewards",
9CAD4,8009CAD4,1,Byte,Vincent's Character ID,party,
9CAD5,8009CAD5,1,Byte,Vincent's Level,party,
9CAD6,8009CAD6,1,Byte,Vincent's Strength,party,
9CAD7,8009CAD7,1,Byte,Vincent's Vitality,party,
9CAD8,8009CAD8,1,Byte,Vincent's Magic,party,
9CAD9,8009CAD9,1,Byte,Vincent's Spirit,party,
9CADA,8009CADA,1,Byte,Vincent's Dexterity,party,
9CADB,8009CADB,1,Byte,Vincent's Luck,party,
9CADC,8009CADC,1,Byte,Vincent's Strength Bonus,party,
9CADD,8009CADD,1,Byte,Vincent's Vitality Bonus,party,
9CADE,8009CADE,1,Byte,Vincent's Magic Bonus,party,
9CADF,8009CADF,1,Byte,Vincent's Spirit Bonus,party,
9CAE0,8009CAE0,1,Byte,Vincent's Dexterity Bonus,party,
9CAE1,8009CAE1,1,Byte,Vincent's Luck Bonus,party,
9CAE2,8009CAE2,1,Byte,Vincent's Current Limit Level (1-4),party,
9CAE3,8009CAE3,1,Byte,Vincent's Current Limit Bar,"battle,party",
9CAE4,8009CAE4,12,Array of byte,Vincent's Character Name,party,
9CAF0,8009CAF0,1,Byte,Vincent's Equipped Weapon,"equipment,party",
9CAF1,8009CAF1,1,Byte,Vincent's Equipped Armor,"equipment,party",
9CAF2,8009CAF2,1,Byte,Vincent's Equipped Accessory,"equipment,party",
9CAF3,8009CAF3,1,Byte,"Vincent's Status Flags (Sadness, Fury)","party,status",
9CAF4,8009CAF4,1,Byte,Vincent's Row,party,
9CAF5,8009CAF5,1,Byte,Vincent's Level Progress Bar (0-63),party,
9CAF6,8009CAF6,2,2 Bytes,Vincent's Learned Limits,party,
9CAF8,8009CAF8,2,2 Bytes,Vincent's Kill Count,party,
9CAFA,8009CAFA,2,2 Bytes,Vincent's Galian Beast Usages,party,
9CAFC,8009CAFC,2,2 Bytes,Vincent's Death Gigas Usages,"party,status",
9CAFE,8009CAFE,2,2 Bytes,Vincent's Hellmasker Usages,party,
9CB00,8009CB00,2,2 Bytes,Vincent's Current HP,party,
9CB02,8009CB02,2,2 Bytes,Vincent's Base HP,party,
9CB04,8009CB04,2,2 Bytes,Vincent's Current MP,party,
9CB06,8009CB06,2,2 Bytes,Vincent's Base MP,party,
9CB08,8009CB08,4,4 Bytes,Vincent Unknown,party,
9CB0C,8009CB0C,2,2 Bytes,Vincent's Maximum HP,party,
9CB0E,8009CB0E,2,2 Bytes,Vincent's Maximum MP,party,
9CB10,8009CB10,4,4 Bytes,Vincent's Current EXP,"party,rewards",
9CB14,8009CB14,4,4 Bytes,Vincent's Weapon Materia Slot 1,"equipment,party",
9CB18,8009CB18,4,4 Bytes,Vincent's Weapon Materia Slot 2,"equipment,party",
9CB1C,8009CB1C,4,4 Bytes,Vincent's Weapon Materia Slot 3,"equipment,party",
9CB20,8009CB20,4,4 Bytes,Vincent's Weapon Materia Slot 4,"equipment,party",
9CB24,8009CB24,4,4 Bytes,Vincent's Weapon Materia Slot 5,"equipment,party",
9CB28,8009CB28,4,4 Bytes,Vincent's Weapon Materia Slot 6,"equipment,party",
9CB2C,8009CB2C,4,4 Bytes,Vincent's Weapon Materia Slot 7,"equipment,party",
9CB30,8009CB30,4,4 Bytes,Vincent's Weapon Materia Slot 8,"equipment,party",
9CB34,8009CB34,4,4 Bytes,Vincent's Armor Materia Slot 1,"equipment,party",
9CB38,8009CB38,4,4 Bytes,Vincent's Armor Materia Slot 2,"equipment,party",
9CB3C,8009CB3C,4,4 Bytes,Vincent's Armor Materia Slot 3,"equipment,party",
9CB40,8009CB40,4,4 Bytes,Vincent's Armor Materia Slot 4,"equipment,party",
9CB44,8009CB44,4,4 Bytes,Vincent's Armor Materia Slot 5,"equipment,party",
9CB48,8009CB48,4,4 Bytes,Vincent's Armor Materia Slot 6,"equipment,party",
9CB4C,8009CB4C,4,4 Bytes,Vincent's Armor Materia Slot 7,"equipment,party",
9CB50,8009CB50,4,4 Bytes,Vincent's Armor Materia Slot 8,"equipment,party",
9CB54,8009CB54,4,4 Bytes,Vincent's EXP to Next Level,"party,rewards",
9CB58,8009CB58,1,Byte,Cid's Character ID,party,
9CB59,8009CB59,1,Byte,Cid's Level,party,
9CB5A,8009CB5A,1,Byte,Cid's Strength,party,
9CB5B,8009CB5B,1,Byte,Cid's Vitality,party,
9CB5C,8009CB5C,1,Byte,Cid's Magic,party,
9CB5D,8009CB5D,1,Byte,Cid's Spirit,party,
9CB5E,8009CB5E,1,Byte,Cid's Dexterity,party,
9CB5F,8009CB5F,1,Byte,Cid's Luck,party,
9CB60,8009CB60,1,Byte,Cid's Strength Bonus,party,
9CB61,8009CB61,1,Byte,Cid's Vitality Bonus,party,
9CB62,8009CB62,1,Byte,Cid's Magic Bonus,party,
9CB63,8009CB63,1,Byte,Cid's Spirit Bonus,party,
9CB64,8009CB64,1,Byte,Cid's Dexterity Bonus,party,
9CB65,8009CB65,1,Byte,Cid's Luck Bonus,party,
9CB66,8009CB66,1,Byte,Cid's Current Limit Level (1-4),party,
9CB67,8009CB67,1,Byte,Cid's Current Limit Bar,"battle,party",
9CB68,8009CB68,12,Array of byte,Cid's Character Name,party,
9CB74,8009CB74,1,Byte,Cid's Equipped Weapon,"equipment,party",
9CB75,8009CB75,1,Byte,Cid's Equipped Armor,"equipment,party",
9CB76,8009CB76,1,Byte,Cid's Equipped Accessory,"equipment,party",
9CB77,8009CB77,1,Byte,"Cid's Status Flags (Sadness, Fury)","party,status",
9CB78,8009CB78,1,Byte,Cid's Row,party,
9CB79,8009CB79,1,Byte,Cid's Level Progress Bar (0-63),party,
9CB7A,8009CB7A,2,2 Bytes,Cid's Learned Limits,party,
9CB7C,8009CB7C,2,2 Bytes,Cid's Kill Count,party,
9CB7E,8009CB7E,2,2 Bytes,Cid's Boost Jump Usages,party,
9CB80,8009CB80,2,2 Bytes,Cid's Hyper Jump Usages,party,
9CB82,8009CB82,2,2 Bytes,Cid's Dragon Dive Usages,party,
9CB84,8009CB84,2,2 Bytes,Cid's Current HP,party,
9CB86,8009CB86,2,2 Bytes,Cid's Base HP,party,
9CB88,8009CB88,2,2 Bytes,Cid's Current MP,party,
9CB8A,8009CB8A,2,2 Bytes,Cid's Base MP,party,
9CB8C,8009CB8C,4,4 Bytes,Cid Unknown,party,
9CB90,8009CB90,2,2 Bytes,Cid's Maximum HP,party,
9CB92,8009CB92,2,2 Bytes,Cid's Maximum MP,party,
9CB94,8009CB94,4,4 Bytes,Cid's Current EXP,"party,rewards",
9CB98,8009CB98,4,4 Bytes,Cid's Weapon Materia Slot 1,"equipment,party",
9CB9C,8009CB9C,4,4 Bytes,Cid's Weapon Materia Slot 2,"equipment,party",
9CBA0,8009CBA0,4,4 Bytes,Cid's Weapon Materia Slot 3,"equipment,party",
9CBA4,8009CBA4,4,4 Bytes,Cid's Weapon Materia Slot 4,"equipment,party",
9CBA8,8009CBA8,4,4 Bytes,Cid's Weapon Materia Slot 5,"equipment,party",
9CBAC,8009CBAC,4,4 Bytes,Cid's Weapon Materia Slot 6,"equipment,party",
9CBB0,8009CBB0,4,4 Bytes,Cid's Weapon Materia Slot 7,"equipment,party",
9CBB4,8009CBB4,4,4 Bytes,Cid's Weapon Materia Slot 8,"equipment,party",
9CBB8,8009CBB8,4,4 Bytes,Cid's Armor Materia Slot 1,"equipment,party",
9CBBC,8009CBBC,4,4 Bytes,Cid's Armor Materia Slot 2,"equipment,party",
9CBC0,8009CBC0,4,4 Bytes,Cid's Armor Materia Slot 3,"equipment,party",
9CBC4,8009CBC4,4,4 Bytes,Cid's Armor Materia Slot 4,"equipment,party",
9CBC8,8009CBC8,4,4 Bytes,Cid's Armor Materia Slot 5,"equipment,party",
9CBCC,8009CBCC,4,4 Bytes,Cid's Armor Materia Slot 6,"equipment,party",
9CBD0,8009CBD0,4,4 Bytes,Cid's Armor Materia Slot 7,"equipment,party",
9CBD4,8009CBD4,4,4 Bytes,Cid's Armor Materia Slot 8,"equipment,party",
9CBD8,8009CBD8,4,4 Bytes,Cid's EXP to Next Level,"party,rewards",
9CBDC,8009CBDC,1,Byte,Party Slot 1,party,
9CBDD,8009CBDD,1,Byte,Party Slot 2,party,
9CBDE,8009CBDE,1,Byte,Party Slot 3,party,
9CBE0,8009CBE0,640,Array of byte,"Inventory (320 slots, 2 bytes per slot)",,
9CE60,8009CE60,800,Array of byte,"Materia Inventory (200 slots, 4 bytes per slot)",equipment,
9D180,8009D180,160,Array of byte,Yuffie's Stolen Materia (48 slots),"equipment,party",
9D260,8009D260,4,4 Bytes,Gil,rewards,
9D264,8009D264,4,4 Bytes,In-Game Time (Seconds),,"IGT seconds, fraction of second at 9D26C"
9D268,8009D268,4,4 Bytes,Countdown Timer (Seconds),,"Countdown seconds, fractions probably at 9D26E or 9D270 (check)"
9D26C,8009D26C,2,2 Bytes,IGT Fraction Of Second,,Add 0x444 (1092) per 60fps frame
9D278,8009D278,2,2 Bytes,Current Module (updated on menu),menu,
9D27A,8009D27A,2,2 Bytes,Current Location (updated on menu),menu,
9D27E,8009D27E,2,2 Bytes,Field X (updated on menu),"field,menu",
9D280,8009D280,2,2 Bytes,Field Y (updated on menu),"field,menu",
9D288,8009D288,2,2 Bytes,Game Moment,,"$GameMoment, sequence, story"
9D288,8009D288,256,Array of byte,Var[1],,Var[2] appears to be the same memory region
9D28B,8009D28B,1,Byte,Aeris's Affection Rating,party,$AerisLovePoints
9D28C,8009D28C,1,Byte,Tifas Affection Rating,party,$TifaLovePoints
9D28D,8009D28D,1,Byte,Yuffies Affection Rating,party,$YuffieLovePoints
9D28E,8009D28E,1,Byte,Barrets Affection Rating,party,$BarretLovePoints
9D29C,8009D29C,1,Byte,Timer Hours,,"$Hours, read-only"
9D29D,8009D29D,1,Byte,Timer Minutes,,"$Minutes, read-only"
9D29E,8009D29E,1,Byte,Timer Seconds,,"$Seconds, read-only"
9D29F,8009D29F,1,Byte,Timer Frames,,"$Frames, read-only"
9D2A0,8009D2A0,2,2 Bytes,Battle Count,battle,$BattleCount
9D2A2,8009D2A2,2,2 Bytes,Battle Escapes,battle,$BattleEscaped
9D2A6,8009D2A6,2,2 Bytes,Menu Locking Mask,menu,(0=Item 9=Save)
9D2C8,8009D2C8,7,Array of byte,Key Items,,$KeyItems
9D2D8,8009D2D8,1,Byte,Aeris's Battle Affection Rating (dummied out),"battle,party",$AerisBattleLovePoints
9D2D9,8009D2D9,1,Byte,Tifas Battle Affection Rating (dummied out),"battle,party",$TifaBattleLovePoints
9D2DA,8009D2DA,1,Byte,Yuffies Battle Affection Rating (dummied out),"battle,party",$YuffieBattleLovePoints
9D2DB,8009D2DB,1,Byte,Barrets Battle Affection Rating (dummied out),"battle,party",$BarretBattleLovePoints
9D2DD,8009D2DD,1,Byte,"'Penned' Chocobo 1 (1 = Wonderful, 8 = Terrible)",chocobo,$ChocoboType1Catched
9D2DE,8009D2DE,1,Byte,"'Penned' Chocobo 2 (1 = Wonderful, 8 = Terrible)",chocobo,$ChocoboType2Catched
9D2DF,8009D2DF,1,Byte,"'Penned' Chocobo 3 (1 = Wonderful, 8 = Terrible)",chocobo,$ChocoboType3Catched
9D2E0,8009D2E0,1,Byte,"'Penned' Chocobo 4 (1 = Wonderful, 8 = Terrible)",chocobo,$ChocoboType4Catched
9D2E2,8009D2E2,4,4 Bytes,Ultimate Weapon HP,equipment,"Reversed-endian order of bytes, most significant (earliest in memory) is ignored apparently"
9D2F8,8009D2F8,4,4 Bytes,Current Battle Square Game BP,battle,
9D303,8009D303,1,Byte,WEAPON = 5,equipment,
9D304,8009D304,1,Byte,$ChocoboOnMap,chocobo,$ChocoboOnMap
9D305,8009D305,1,Byte,1 if a chocobo stable has been purchased,chocobo,Lets you do chocobo races
9D324,8009D324,1,Byte,$VictoryFortCondor,"battle,battle-end",$VictoryFortCondor
9D33C,8009D33C,1,Byte,$GoldFortCondor,,$GoldFortCondor
9D33E,8009D33E,1,Byte,$DefeatFortCondor,,$DefeatFortCondor
9D372,8009D372,1,Byte,Bone Village Prize,,
9D388,8009D388,256,Array of byte,Var[3],,Var[4] appears to be the same memory region
9D391,8009D391,1,Byte,$PartyLeader,party,$PartyLeader
9D3D2,8009D3D2,2,2 Bytes,GP,,
9D3D8,8009D3D8,2,2 Bytes,BP,,
9D3E0,8009D3E0,1,Byte,$NumStablesBought,,$NumStablesBought
9D3E1,8009D3E1,1,Byte,$NumStablesFilled,,$NumStablesFilled
9D3E5,8009D3E5,2,2 Bytes,Stable 1 - Battle Count Difference,battle,
9D3EC,8009D3EC,2,2 Bytes,Stable 2 - Battle Count Difference,battle,
9D3EE,8009D3EE,2,2 Bytes,Stable 3 - Battle Count Difference,battle,
9D3F0,8009D3F0,2,2 Bytes,Stable 4 - Battle Count Difference,battle,
9D3F2,8009D3F2,2,2 Bytes,Stable 5 - Battle Count Difference,battle,
9D3F4,8009D3F4,2,2 Bytes,Stable 6 - Battle Count Difference,battle,
9D407,8009D407,2,2 Bytes,Winding Tunnel Screen,,
9D45F,8009D45F,1,Byte,Bit mask Sector 7 items,,
9D488,8009D488,256,Array of byte,Var[11],,Var[12] appears to be the same memory region.
9D49E,8009D49E,1,Byte,Teioh,chocobo,1 if Teioh will be in the next chocobo race
9D4A4,8009D4A4,2,2 Bytes,Can't Mate Flag LSB = stable 1,,
9D4A8,8009D4A8,2,2 Bytes,Stable 1 - Dash,,
9D4AA,8009D4AA,2,2 Bytes,Stable 1 - MDash,,
9D4AC,8009D4AC,2,2 Bytes,Stable 1 - Run,,
9D4AE,8009D4AE,2,2 Bytes,Stable 1 - MRun,,
9D4B0,8009D4B0,1,Byte,Stable 1 - Acceleration,,
9D4B1,8009D4B1,1,Byte,Stable 1 - Coop,,
9D4B2,8009D4B2,1,Byte,Stable 1 - Intelligence,,
9D4B3,8009D4B3,1,Byte,Stable 1 - Personality,,
9D4B4,8009D4B4,1,Byte,Stable 1 - Pcount,,
9D4B5,8009D4B5,1,Byte,Stable 1 - # Races Won,,
9D4B6,8009D4B6,1,Byte,"Stable 1 - Sex (0 = M, 1 = F)",,
9D4B7,8009D4B7,1,Byte,"Stable 1 - Colour (0 = Yellow, 4 = Gold)",,
9D4B8,8009D4B8,2,2 Bytes,Stable 2 - Dash,,
9D4BA,8009D4BA,2,2 Bytes,Stable 2 - MDash,,
9D4BC,8009D4BC,2,2 Bytes,Stable 2 - Run,,
9D4BE,8009D4BE,2,2 Bytes,Stable 2 - MRun,,
9D4C0,8009D4C0,1,Byte,Stable 2 - Acceleration,,
9D4C1,8009D4C1,1,Byte,Stable 2 - Coop,,
9D4C2,8009D4C2,1,Byte,Stable 2 - Intelligence,,
9D4C3,8009D4C3,1,Byte,Stable 2 - Personality,,
9D4C4,8009D4C4,1,Byte,Stable 2 - Pcount,,
9D4C5,8009D4C5,1,Byte,Stable 2 - # Races Won,,
9D4C6,8009D4C6,1,Byte,"Stable 2 - Sex (0 = M, 1 = F)",,
9D4C7,8009D4C7,1,Byte,"Stable 2 - Colour (0 = Yellow, 4 = Gold)",,
9D4C8,8009D4C8,2,2 Bytes,Stable 3 - Dash,,
9D4CA,8009D4CA,2,2 Bytes,Stable 3 - MDash,,
9D4CC,8009D4CC,2,2 Bytes,Stable 3 - Run,,
9D4CE,8009D4CE,2,2 Bytes,Stable 3 - MRun,,
9D4D0,8009D4D0,1,Byte,Stable 3 - Acceleration,,
9D4D1,8009D4D1,1,Byte,Stable 3 - Coop,,
9D4D2,8009D4D2,1,Byte,Stable 3 - Intelligence,,
9D4D3,8009D4D3,1,Byte,Stable 3 - Personality,,
9D4D4,8009D4D4,1,Byte,Stable 3 - Pcount,,
9D4D5,8009D4D5,1,Byte,Stable 3 - # Races Won,,
9D4D6,8009D4D6,1,Byte,"Stable 3 - Sex (0 = M, 1 = F)",,
9D4D7,8009D4D7,1,Byte,"Stable 3 - Colour (0 = Yellow, 4 = Gold)",,
9D4D8,8009D4D8,2,2 Bytes,Stable 4 - Dash,,
9D4DA,8009D4DA,2,2 Bytes,Stable 4 - MDash,,
9D4DC,8009D4DC,2,2 Bytes,Stable 4 - Run,,
9D4DE,8009D4DE,2,2 Bytes,Stable 4 - MRun,,
9D4E0,8009D4E0,2,2 Bytes,Stable 4 - Acceleration,,
9D4E1,8009D4E1,1,Byte,Stable 4 - Coop,,
9D4E2,8009D4E2,1,Byte,Stable 4 - Intelligence,,
9D4E3,8009D4E3,1,Byte,Stable 4 - Personality,,
9D4E4,8009D4E4,1,Byte,Stable 4 - Pcount,,
9D4E5,8009D4E5,1,Byte,Stable 4 - # Races Won,,
9D4E6,8009D4E6,1,Byte,"Stable 4 - Sex (0 = M, 1 = F)",,
9D4E7,8009D4E7,1,Byte,"Stable 4 - Colour (0 = Yellow, 4 = Gold)",,
9D522,8009D522,1,Byte,"Stable 1 - Type (1 = Wonderful, 8 = Terrible)",,
9D523,8009D523,1,Byte,"Stable 2 - Type (1 = Wonderful, 8 = Terrible)",,
9D524,8009D524,1,Byte,"Stable 3 - Type (1 = Wonderful, 8 = Terrible)",,
9D525,8009D525,1,Byte,"Stable 4 - Type (1 = Wonderful, 8 = Terrible)",,
9D526,8009D526,1,Byte,"Stable 5 - Type (1 = Wonderful, 8 = Terrible)",,
9D527,8009D527,1,Byte,"Stable 6 - Type (1 = Wonderful, 8 = Terrible)",,
9D588,8009D588,256,Array of byte,Var[13] / Current Disc,,"Var[14] appears to be the same memory region. Var[13][0] is current disc number (1, 2, or 3), and is what is checked to ensure the correct disc is in."
9D58E,8009D58E,2,2 Bytes,Great Glacier Step Counter,,
9D5A7,8009D5A7,1,Byte,Materia Error Flag,equipment,$ErrorAddMateria
9D5CC,8009D5CC,2,2 Bytes,Stable 1 - Stamina,,
9D5CE,8009D5CE,2,2 Bytes,Stable 2 - Stamina,,
9D5D0,8009D5D0,2,2 Bytes,Stable 3 - Stamina,,
9D5D2,8009D5D2,2,2 Bytes,Stable 4 - Stamina,,
9D5D4,8009D5D4,2,2 Bytes,Stable 5 - Stamina,,
9D5D6,8009D5D6,2,2 Bytes,Stable 6 - Stamina,,
9D5DC,8009D5DC,1,Byte,North Crater Cloud path,party,$LastCloud
9D5DD,8009D5DD,1,Byte,North Crater Barret Path,party,$LastBarret
9D5DE,8009D5DE,1,Byte,North Crater Tifa path,party,$LastTifa
9D5DF,8009D5DF,1,Byte,North Crater Red XII path?,,$LastRedXIII
9D5E0,8009D5E0,1,Byte,North Crater Cid Path,party,$LastCid
9D5E1,8009D5E1,1,Byte,North Crater Yuffie Path,party,$LastYuffie
9D5E2,8009D5E2,1,Byte,North Crater Cait Sith Path,party,$LastCaitSith
9D5E4,8009D5E4,1,Byte,North Crater Vincent,party,$LastVincent
9D60D,8009D60D,1,Byte,Some Tutorials,"world,menu",0x08 = world map save tutorial
9D63C,8009D63C,2,2 Bytes,World Map Last Encounter Formation,"battle,field,world",
9D640,8009D640,4,4 Bytes,World Map Saved Position X,"world,menu",
9D644,8009D644,4,4 Bytes,World Map Saved Position Y,"world,menu",
9D688,8009D688,1,Byte,$GaiinItemFlags,,$GaiinItemFlags
9D688,8009D688,256,Array of byte,Var[7],,"Var[15] appears to be the same memory region. Var[8], [9], and [10] crash if you try to write to them."
9D6DF,8009D6DF,1,Byte,Kalm Traveller Rewards,rewards,
9D70A,8009D70A,1,Byte,[15] [130] Deactivate Rnd Enc if 1,,
9D768,8009D768,2,2 Bytes,Stable 5 - Dash,,
9D76A,8009D76A,2,2 Bytes,Stable 5 - MDash,,
9D76C,8009D76C,2,2 Bytes,Stable 5 - Run,,
9D76E,8009D76E,2,2 Bytes,Stable 5 - MRun,,
9D770,8009D770,1,Byte,Stable 5 - Acceleration,,
9D771,8009D771,1,Byte,Stable 5 - Coop,,
9D772,8009D772,1,Byte,Stable 5 - Intelligence,,
9D773,8009D773,1,Byte,Stable 5 - Personality,,
9D774,8009D774,1,Byte,Stable 5 - Pcount,,
9D775,8009D775,1,Byte,Stable 5 - # Races Won,,
9D776,8009D776,1,Byte,"Stable 5 - Sex (0 = M, 1 = F)",,
9D777,8009D777,1,Byte,"Stable 5 - Colour (0 = Yellow, 4 = Gold)",,
9D778,8009D778,2,2 Bytes,Stable 6 - Dash,,
9D77A,8009D77A,2,2 Bytes,Stable 6 - MDash,,
9D77C,8009D77C,2,2 Bytes,Stable 6 - Run,,
9D77E,8009D77E,2,2 Bytes,Stable 6 - MRun,,
9D780,8009D780,1,Byte,Stable 6 - Acceleration,,
9D781,8009D781,1,Byte,Stable 6 - Coop,,
9D782,8009D782,1,Byte,Stable 6 - Intelligence,,
9D783,8009D783,1,Byte,Stable 6 - Personality,,
9D784,8009D784,1,Byte,Stable 6 - Pcount,,
9D785,8009D785,1,Byte,Stable 6 - # Races Won,,
9D786,8009D786,1,Byte,"Stable 6 - Sex (0 = M, 1 = F)",,
9D787,8009D787,1,Byte,"Stable 6 - Colour (0 = Yellow, 4 = Gold)",,
9D852,8009D852,1,Byte,Player 1 Dexterity (might need to verify these),,
9D853,8009D853,1,Byte,Player 1 Luck,,
9D854,8009D854,1,Byte,Player 1 Attack,,
9D856,8009D856,1,Byte,Player 1 Defense,,
9D858,8009D858,1,Byte,Player 1 Magic atk,,
9D85A,8009D85A,1,Byte,Player 1 Magic def,,
9DC5C,8009DC5C,1,Byte,Player 1 Attack%,,
9DC92,8009DC92,1,Byte,Player 2 Dexterity,,
9DC93,8009DC93,1,Byte,Player 2 Luck,,
9DC94,8009DC94,1,Byte,Player 2 Attack,,
9DC96,8009DC96,1,Byte,Player 2 Defense,,
9DC98,8009DC98,1,Byte,Player 2 Magic atk,,
9DC9A,8009DC9A,1,Byte,Player 2 Magic def,,
9E09C,8009E09C,1,Byte,Player 2 Attack%,,
9E0D2,8009E0D2,1,Byte,Player 3 Dexterity,,
9E0D3,8009E0D3,1,Byte,Player 3 Luck,,
9E0D4,8009E0D4,1,Byte,Player 3 Attack,,
9E0D6,8009E0D6,1,Byte,Player 3 Defense,,
9E0D8,8009E0D8,1,Byte,Player 3 Magic atk,,
9E0DA,8009E0DA,1,Byte,Player 3 Magic def,,
9E4DC,8009E4DC,1,Byte,Player 3 Attack%,,
B7470,800B7470,1,Byte,Chocobo race prize column,chocobo,
B7474,800B7474,1,Byte,Chocobo race prize row,chocobo,
B7634,800B7634,2,2 Bytes,Chocobo race: Racer 1 Current Stamina,chocobo,
B763C,800B763C,1,Byte,Chocobo race: Racer 1 Finishing Place,chocobo,
B7654,800B7654,7,Array of byte,Chocobo race: Racer 1 Chocobo Name,chocobo,
B76E0,800B76E0,7,Array of byte,Chocobo race: Racer 2 Finishing Place,chocobo,
B76F8,800B76F8,7,Array of byte,Chocobo race: Racer 2 Chocobo Name,chocobo,
B7784,800B7784,7,Array of byte,Chocobo race: Racer 3 Finishing Place,chocobo,
B779C,800B779C,7,Array of byte,Chocobo race: Racer 3 Chocobo Name,chocobo,
B7828,800B7828,7,Array of byte,Chocobo race: Racer 4 Finishing Place,chocobo,
B7840,800B7840,7,Array of byte,Chocobo race: Racer 4 Chocobo Name,chocobo,
B78CC,800B78CC,7,Array of byte,Chocobo race: Racer 5 Finishing Place,chocobo,
B78E4,800B78E4,7,Array of byte,Chocobo race: Racer 5 Chocobo Name,chocobo,
B7970,800B7970,7,Array of byte,Chocobo race: Racer 6 Finishing Place,chocobo,
B7988,800B7988,7,Array of byte,Chocobo race: Racer 6 Chocobo Name,chocobo,
C84C8,800C84C8,2,2 Bytes,World Map Controller Inputs,"world,input",
E0638,800E0638,256,Array of byte,Field RNG Table,"field,rng",
E560C,800E560C,4,4 Bytes,WM: Exact Camera Direction,"world,camera",
E56FC,800E56FC,4,4 Bytes,World Map Player X Copy,world,
E5700,800E5700,4,4 Bytes,World Map Player Y Copy,world,
E5704,800E5704,4,4 Bytes,World Map Player Z Copy,world,
F39E4,800F39E4,4,4 Bytes,Battle: Forced-Wait Timer,battle,
F5BBC,800F5BBC,2,2 Bytes,Player 1 ATB,battle,
F5BBE,800F5BBE,2,2 Bytes,Player 1 HP Delta,,
F5BC8,800F5BC8,16,Array of byte,Player 1 Timers,,
F5BE4,800F5BE4,4,4 Bytes,Player 1 Cued Damage,battle,
F5BE8,800F5BE8,4,4 Bytes,Player 1 Cued MP Damage,,
F5BF4,800F5BF4,2,2 Bytes,Player 1 HP Display,,
F5BF6,800F5BF6,2,2 Bytes,Player 1 MP Display,,
F5C00,800F5C00,2,2 Bytes,Player 2 ATB,battle,
F5C02,800F5C02,2,2 Bytes,Player 2 HP Delta,,
F5C0C,800F5C0C,16,Array of byte,Player 2 Timers,,
F5C28,800F5C28,4,4 Bytes,Player 2 Cued Damage,battle,
F5C2C,800F5C2C,4,4 Bytes,Player 2 Cued MP Damage,,
F5C38,800F5C38,2,2 Bytes,Player 2 HP Display,,
F5C3A,800F5C3A,2,2 Bytes,Player 2 MP Display,,
F5C44,800F5C44,2,2 Bytes,Player 3 ATB,battle,
F5C4C,800F5C4C,2,2 Bytes,Player 3 HP Delta,,
F5C50,800F5C50,16,Array of byte,Player 3 Timers,,
F5C6C,800F5C6C,4,4 Bytes,Player 3 Cued Damage,battle,
F5C70,800F5C70,4,4 Bytes,Player 3 Cued MP Damage,,
F5C7C,800F5C7C,2,2 Bytes,Player 3 HP Display,,
F5C80,800F5C80,2,2 Bytes,Player 3 MP Display,,
F5CCA,800F5CCA,2,2 Bytes,Enemy 1 ATB Increase Per Frame,battle,
F5CCC,800F5CCC,2,2 Bytes,Enemy 1 ATB,battle,
F5CD4,800F5CD4,2,2 Bytes,Enemy 1 HP Delta,,
F5CD8,800F5CD8,16,Array of byte,Enemy 1 Timers,,
F5CF2,800F5CF2,2,2 Bytes,Enemy 1 Turns Taken,,
F5CF4,800F5CF4,1,Byte,Enemy 1 Cued Damage,battle,
F5CF8,800F5CF8,4,4 Bytes,Enemy 1 Cued MP Damage,,
F5D04,800F5D04,2,2 Bytes,Enemy 1 HP Display,,
F5D08,800F5D08,2,2 Bytes,Enemy 1 MP Display,,
F5D10,800F5D10,2,2 Bytes,Enemy 2 ATB,battle,
F5D18,800F5D18,2,2 Bytes,Enemy 2 HP Delta,,
F5D1C,800F5D1C,16,Array of byte,Enemy 2 Timers,,
F5D38,800F5D38,4,4 Bytes,Enemy 2 Cued Damage,battle,
F5D3C,800F5D3C,4,4 Bytes,Enemy 2 Cued MP Damage,,
F5D48,800F5D48,2,2 Bytes,Enemy 2 HP Display,,
F5D4C,800F5D4C,2,2 Bytes,Enemy 2 MP Display,,
F5D54,800F5D54,2,2 Bytes,Enemy 3 ATB,battle,
F5D5C,800F5D5C,2,2 Bytes,Enemy 3 HP Delta,,
F5D60,800F5D60,16,Array of byte,Enemy 3 Timers,,
F5D7C,800F5D7C,4,4 Bytes,Enemy 3 Cued Damage,battle,
F5D80,800F5D80,4,4 Bytes,Enemy 3 Cued MP Damage,,
F5D8C,800F5D8C,2,2 Bytes,Enemy 3 HP Display,,
F5D8E,800F5D8E,1,Byte,No description,,
F5D90,800F5D90,2,2 Bytes,Enemy 3 MP Display,,
F5D98,800F5D98,2,2 Bytes,Enemy 4 ATB,battle,
F5DA0,800F5DA0,2,2 Bytes,Enemy 4 HP Delta,,
F5DA4,800F5DA4,16,Array of byte,Enemy 4 Timers,,
F5DC0,800F5DC0,4,4 Bytes,Enemy 4 Cued Damage,battle,
F5DC4,800F5DC4,4,4 Bytes,Enemy 4 Cued MP Damage,,
F5DD0,800F5DD0,2,2 Bytes,Enemy 4 HP Display,,
F5DD4,800F5DD4,2,2 Bytes,Enemy 4 MP Display,,
F5DDC,800F5DDC,2,2 Bytes,Enemy 5 ATB,battle,
F5DE4,800F5DE4,2,2 Bytes,Enemy 5 HP Delta,,
F5DE8,800F5DE8,16,Array of byte,Enemy 5 Timers,,
F5E04,800F5E04,4,4 Bytes,Enemy 5 Cued Damage,battle,
F5E08,800F5E08,4,4 Bytes,Enemy 5 Cued MP Damage,,
F5E14,800F5E14,2,2 Bytes,Enemy 5 HP Display,,
F5E18,800F5E18,2,2 Bytes,Enemy 5 MP Display,,
F5E20,800F5E20,2,2 Bytes,Enemy 6 ATB,battle,
F5E28,800F5E28,2,2 Bytes,Enemy 6 HP Delta,,
F5E2C,800F5E2C,16,Array of byte,Enemy 6 Timers,,
F5E48,800F5E48,4,4 Bytes,Enemy 6 Cued Damage,battle,
F5E4C,800F5E4C,4,4 Bytes,Enemy 6 Cued MP Damage,,
F5E58,800F5E58,2,2 Bytes,Enemy 6 HP Display,,
F5E5C,800F5E5C,2,2 Bytes,Enemy 6 MP Display,,
F8368,800F8368,4,4 Bytes,Battle Frame Update,battle,Don't mess with this unless you want the battle scene to break.
F8370,800F8370,4,4 Bytes,?,,"FFFF usually, is set to 0x118 on Flying Sickle? gotta figure this out"
F83AE,800F83AE,1,Byte,?,"battle,battle-end","is usually F7. Changing to _0 causes a Game Over, 0_ causes a Victory, _8 causes all enemies to constantly spend their turn doing nothing"
F83C6,800F83C6,1,Byte,Exit Battle Status + Battle Party Lock?,"battle,party,status,menu,battle-end","1 = Victory, 3 = Game Over, 4-5 = Run Away, 8-F = Fade Out Exit. 0x10, 0x40, 0x80 disable party members, and switching to them locks the menu."
F8408,800F8408,2,2 Bytes,Player 1 Current MP,,
F840A,800F840A,2,2 Bytes,Player 1 Max MP,,
F840C,800F840C,2,2 Bytes,Player 1 Current HP,,
F8410,800F8410,2,2 Bytes,Player 1 Max HP,,
F8474,800F8474,2,2 Bytes,Player 2 Current HP,,
F84DC,800F84DC,2,2 Bytes,Player 3 Current HP,,
F859A,800F859A,2,2 Bytes,Enemy 1 Last Attacked By,,
F859C,800F859C,2,2 Bytes,Enemy 1 Last Damaged By,,
F859E,800F859E,2,2 Bytes,Enemy 1 Last Magic'd By,,
F85A4,800F85A4,2,2 Bytes,Enemy 1 ID,,
F85AC,800F85AC,2,2 Bytes,Enemy 1 Current HP,,
F85B0,800F85B0,2,2 Bytes,Enemy 1 Max HP,,
F860C,800F860C,2,2 Bytes,Enemy 2 ID,,
F8674,800F8674,2,2 Bytes,Enemy 3 ID,,
F86D1,800F86D1,1,Byte,Enemy 1 Level,,
F86D5,800F86D5,1,Byte,Enemy 1 Strength,,
F86D6,800F86D6,1,Byte,Enemy 1 Magic,,
F86D7,800F86D7,1,Byte,Enemy 1 Evade,,
F86D8,800F86D8,1,Byte,Enemy 1 IdleAnim ID,,
F86D9,800F86D9,1,Byte,Enemy 1 DamageAnim ID,,
F86DB,800F86DB,1,Byte,Enemy 1 Size,,
F86DC,800F86DC,1,Byte,Enemy 1 Dexterity,,
F86DC,800F86DC,2,2 Bytes,Enemy 4 ID,,
F86DD,800F86DD,1,Byte,Enemy 1 Luck,,
F86E8,800F86E8,2,2 Bytes,Enemy 1 Defence,,
F86EA,800F86EA,2,2 Bytes,Enemy 1 MDefence,,
F86EC,800F86EC,1,Byte,Enemy 1 Index ID,,
F86F0,800F86F0,2,2 Bytes,Enemy 1 Current MP,,
F86F2,800F86F2,2,2 Bytes,Enemy 1 Max MP,,
F86F4,800F86F4,2,2 Bytes,Enemy 1 Current HP,,
F86F8,800F86F8,2,2 Bytes,Enemy 1 Max HP,,
F871E,800F871E,1,Byte,Enemy 1 Evade ID,,
F8720,800F8720,4,4 Bytes,Enemy 1 Gil,rewards,
F8724,800F8724,4,4 Bytes,Enemy 1 EXP,rewards,
F8739,800F8739,1,Byte,Enemy 2 Level,,
F873D,800F873D,1,Byte,Enemy 2 Strength,,
F873E,800F873E,1,Byte,Enemy 2 Magic,,
F873F,800F873F,1,Byte,Enemy 2 Evade,,
F8740,800F8740,1,Byte,Enemy 2 IdleAnim ID,,
F8741,800F8741,1,Byte,Enemy 2 DamageAnim ID,,
F8743,800F8743,1,Byte,Enemy 2 Size,,
F8744,800F8744,1,Byte,Enemy 2 Dexterity,,
F8744,800F8744,2,2 Bytes,Enemy 5 ID,,
F8745,800F8745,1,Byte,Enemy 2 Luck,,
F8750,800F8750,2,2 Bytes,Enemy 2 Defence,,
F8752,800F8752,2,2 Bytes,Enemy 2 MDefence,,
F8754,800F8754,1,Byte,Enemy 2 Index ID,,
F8758,800F8758,2,2 Bytes,Enemy 2 Current MP,,
F875A,800F875A,2,2 Bytes,Enemy 2 Max MP,,
F875C,800F875C,2,2 Bytes,Enemy 2 Current HP,,
F8760,800F8760,2,2 Bytes,Enemy 2 Max HP,,
F8786,800F8786,1,Byte,Enemy 2 Evade ID,,
F8788,800F8788,4,4 Bytes,Enemy 2 Gil,rewards,
F878C,800F878C,4,4 Bytes,Enemy 2 EXP,rewards,
F87A1,800F87A1,1,Byte,Enemy 3 Level,,
F87A5,800F87A5,1,Byte,Enemy 3 Strength,,
F87A6,800F87A6,1,Byte,Enemy 3 Magic,,
F87A7,800F87A7,1,Byte,Enemy 3 Evade,,
F87A8,800F87A8,1,Byte,Enemy 3 IdleAnim ID,,
F87A9,800F87A9,1,Byte,Enemy 3 DamageAnim ID,,
F87AB,800F87AB,1,Byte,Enemy 3 Size,,
F87AC,800F87AC,1,Byte,Enemy 3 Dexterity,,
F87AC,800F87AC,2,2 Bytes,Enemy 6 ID,,
F87AD,800F87AD,1,Byte,Enemy 3 Luck,,
F87B8,800F87B8,2,2 Bytes,Enemy 3 Defence,,
F87BA,800F87BA,2,2 Bytes,Enemy 3 MDefence,,
F87BC,800F87BC,1,Byte,Enemy 3 Index ID,,
F87C0,800F87C0,2,2 Bytes,Enemy 3 Current MP,,
F87C2,800F87C2,2,2 Bytes,Enemy 3 Max MP,,
F87C4,800F87C4,2,2 Bytes,Enemy 3 Current HP,,
F87C8,800F87C8,2,2 Bytes,Enemy 3 Max HP,,
F87EE,800F87EE,1,Byte,Enemy 3 Evade ID,,
F87F0,800F87F0,4,4 Bytes,Enemy 3 Gil,rewards,
F87F4,800F87F4,4,4 Bytes,Enemy 3 EXP,rewards,
F8809,800F8809,1,Byte,Enemy 4 Level,,
F880D,800F880D,1,Byte,Enemy 4 Strength,,
F880E,800F880E,1,Byte,Enemy 4 Magic,,
F880F,800F880F,1,Byte,Enemy 4 Evade,,
F8810,800F8810,1,Byte,Enemy 4 IdleAnim ID,,
F8811,800F8811,1,Byte,Enemy 4 DamageAnim ID,,
F8813,800F8813,1,Byte,Enemy 4 Size,,
F8814,800F8814,1,Byte,Enemy 4 Dexterity,,
F8815,800F8815,1,Byte,Enemy 4 Luck,,
F8820,800F8820,2,2 Bytes,Enemy 4 Defence,,
F8822,800F8822,2,2 Bytes,Enemy 4 MDefence,,
F8824,800F8824,1,Byte,Enemy 4 Index ID,,
F8828,800F8828,2,2 Bytes,Enemy 4 Current MP,,
F882A,800F882A,2,2 Bytes,Enemy 4 Max MP,,
F882C,800F882C,2,2 Bytes,Enemy 4 Current HP,,
F8830,800F8830,2,2 Bytes,Enemy 4 Max HP,,
F8856,800F8856,1,Byte,Enemy 4 Evade ID,,
F8858,800F8858,4,4 Bytes,Enemy 4 Gil,rewards,
F885C,800F885C,4,4 Bytes,Enemy 4 EXP,rewards,
F8871,800F8871,1,Byte,Enemy 5 Level,,
F8875,800F8875,1,Byte,Enemy 5 Strength,,
F8876,800F8876,1,Byte,Enemy 5 Magic,,
F8877,800F8877,1,Byte,Enemy 5 Evade,,
F8878,800F8878,1,Byte,Enemy 5 IdleAnim ID,,
F8879,800F8879,1,Byte,Enemy 5 DamageAnim ID,,
F887B,800F887B,1,Byte,Enemy 5 Size,,
F887C,800F887C,1,Byte,Enemy 5 Dexterity,,
F887D,800F887D,1,Byte,Enemy 5 Luck,,
F8888,800F8888,2,2 Bytes,Enemy 5 Defence,,
F888A,800F888A,2,2 Bytes,Enemy 5 MDefence,,
F888C,800F888C,1,Byte,Enemy 5 Index ID,,
F8890,800F8890,2,2 Bytes,Enemy 5 Current MP,,
F8892,800F8892,2,2 Bytes,Enemy 5 Max MP,,
F8894,800F8894,2,2 Bytes,Enemy 5 Current HP,,
F8898,800F8898,2,2 Bytes,Enemy 5 Max HP,,
F88BE,800F88BE,1,Byte,Enemy 5 Evade ID,,
F88C0,800F88C0,4,4 Bytes,Enemy 5 Gil,rewards,
F88C4,800F88C4,4,4 Bytes,Enemy 5 EXP,rewards,
F88D9,800F88D9,1,Byte,Enemy 6 Level,,
F88DD,800F88DD,1,Byte,Enemy 6 Strength,,
F88DE,800F88DE,1,Byte,Enemy 6 Magic,,
F88DF,800F88DF,1,Byte,Enemy 6 Evade,,
F88E0,800F88E0,1,Byte,Enemy 6 IdleAnim ID,,
F88E1,800F88E1,1,Byte,Enemy 6 DamageAnim ID,,
F88E3,800F88E3,1,Byte,Enemy 6 Size,,
F88E4,800F88E4,1,Byte,Enemy 6 Dexterity,,
F88E5,800F88E5,1,Byte,Enemy 6 Luck,,
F88F0,800F88F0,2,2 Bytes,Enemy 6 Defence,,
F88F2,800F88F2,2,2 Bytes,Enemy 6 MDefence,,
F88F4,800F88F4,1,Byte,Enemy 6 Index ID,,
F88F8,800F88F8,2,2 Bytes,Enemy 6 Current MP,,
F88FA,800F88FA,2,2 Bytes,Enemy 6 Max MP,,
F88FC,800F88FC,2,2 Bytes,Enemy 6 Current HP,,
F8900,800F8900,2,2 Bytes,Enemy 6 Max HP,,
F8926,800F8926,1,Byte,Enemy 6 Evade ID,,
F8928,800F8928,4,4 Bytes,Enemy 6 Gil,rewards,
F892C,800F892C,4,4 Bytes,Enemy 6 EXP,rewards,
F8B38,800F8B38,1,Byte,Enemy 1 LocalVar:0000,,
F8B3C,800F8B3C,1,Byte,Enemy 1 LocalVar:0020,,
F8BB8,800F8BB8,1,Byte,Enemy 2 LocalVar:0000,,
F8BBC,800F8BBC,1,Byte,Enemy 2 LocalVar:0020,,
F8C38,800F8C38,1,Byte,Enemy 3 LocalVar:0000,,
F8C3C,800F8C3C,1,Byte,Enemy 3 LocalVar:0020,,
F8CB8,800F8CB8,1,Byte,Enemy 4 LocalVar:0000,,
F8CBC,800F8CBC,1,Byte,Enemy 4 LocalVar:0020,,
F8D38,800F8D38,1,Byte,Enemy 5 LocalVar:0000,,
F8D3C,800F8D3C,1,Byte,Enemy 5 LocalVar:0020,,
F8DB8,800F8DB8,1,Byte,Enemy 6 LocalVar:0000,,
F8DBC,800F8DBC,1,Byte,Enemy 6 LocalVar:0020,,
109D44,80109D44,4,4 Bytes,World Map Camera Target X,"world,camera",
109D48,80109D48,4,4 Bytes,World Map Camera Target Y,"world,camera",
109D4C,80109D4C,4,4 Bytes,World Map Camera Target Z,"world,camera",
10A560,8010A560,4,4 Bytes,World Map Object 0 X,world,buggy x position for ccskip
10A560,8010A560,4,4 Bytes,World Map Object 1 X,world,
10A564,8010A564,4,4 Bytes,World Map Object 0 Y,world,
10A568,8010A568,4,4 Bytes,World Map Object 0 Z,world,buggy z positoin for ccskip
10AD3C,8010AD3C,4,4 Bytes,WM: Player Pointer,world,it points to the player object
10AD40,8010AD40,4,4 Bytes,WM: Some Pointer (to current area data? idk),world,Looks like a linked list under here
10AE4C,8010AE4C,4,4 Bytes,WM: Type of ground?,world,"00 on grass, 01 in forest, 09 on rock, 0A on snow, 10 on loading zone or side of mountain? 11 on beach"
10AE58,8010AE58,4,4 Bytes,World Map RNG Index,"world,rng",
10AE5C,8010AE5C,521,Array of byte,World Map RNG Buffer,"world,rng",
10C2AC,8010C2AC,384,Array of byte,Zolom Segment Buffer,,
10C42C,8010C42C,4,4 Bytes,Zolom Segment Buffer Pointer,,
10C7F4,8010C7F4,4,4 Bytes,Zolom Idle Timer,,
11627C,8011627C,4,4 Bytes,World Map Step Fractions,world,
116284,80116284,4,4 Bytes,World Map Danger,"field,world",
1164F8,801164F8,4,4 Bytes,WM: Minimap Mode,world,
163780,80163780,1,Byte,Battle: Runnable due to pincer,battle,"2 or greater = not runnable. there's also a lot of nice stuff back here in battle, look into it"
,,,,Everything below is probably wrong. I'll verify/fix it... eventually.,,
